{
    "$schema": "http://schema.management.azure.com/schemas/2014-04-01-preview/deploymentTemplate.json#",
    "contentVersion": "1.0.0.0",
    "parameters": {
        "functionAppName": {
            "type": "string"
        },
        "storageAccountName": {
            "type": "string"
        },
        "hostingPlanName": {
            "type": "string"
        },
        "appInsightLocation": {
            "type": "string"
        },
        "subscriptionId": {
            "type": "string"
        },
        "sku": {
            "type": "string",
            "defaultValue": "Standard S1"
        }
    },
    "resources": [
         {
            "type": "Microsoft.Web/serverfarms",
            "sku": {
                "Tier": "[first(split(parameters('sku'), ' '))]",
                "Name": "[first(skip(split(parameters('sku'), ' '), 1))]"
            },
            "apiVersion": "2015-08-01",
            "name": "[parameters('hostingPlanName')]",
            "location": "[resourceGroup().location]",
            "properties": {
                "name": "[parameters('hostingPlanName')]",
                "workerSizeId": "3",
                "reserved": true,
                "numberOfWorkers": "1",
                "hostingEnvironment": ""
            },
            "kind": "linux"
        },
        {
            "name": "[parameters('functionAppName')]",
            "type": "Microsoft.Web/sites",
            "properties": {
                "siteConfig": {
                    "appSettings": [
                        {
                            "name": "FUNCTIONS_WORKER_RUNTIME",
                            "value": "python"
                        },
                        {
                            "name": "AzureWebJobsStorage",
                            "value": "[concat('DefaultEndpointsProtocol=https;AccountName=',parameters('storageAccountName'),';AccountKey=',listKeys(resourceId('Microsoft.Storage/storageAccounts', parameters('storageAccountName')), '2015-05-01-preview').key1)]"
                        },
                        {
                            "name": "FUNCTIONS_EXTENSION_VERSION",
                            "value": "~2"
                        },
                        {
                            "name": "WEBSITE_NODE_DEFAULT_VERSION",
                            "value": "8.11.1"
                        },
                        {
                            "name": "APPINSIGHTS_INSTRUMENTATIONKEY",
                            "value": "[reference(resourceId('microsoft.insights/components/', parameters('functionAppName')), '2015-05-01').InstrumentationKey]"
                        }
                    ],
                    "alwaysOn": "true",
                    "linuxFxVersion": "DOCKER|microsoft/azure-functions-python3.6:2.0"
                },
                "name": "[parameters('functionAppName')]",
                "clientAffinityEnabled": false,
                "serverFarmId": "[concat('/subscriptions/', parameters('subscriptionId'), '/resourceGroups/',resourceGroup().name, '/providers/Microsoft.Web/serverfarms/', parameters('hostingPlanName'))]",
                "hostingEnvironment": ""
            },
            "dependsOn": [
                "[resourceId('Microsoft.Storage/storageAccounts', parameters('storageAccountName'))]",
                "[concat('Microsoft.Web/serverfarms/', parameters('hostingPlanName'))]",
                "[resourceId('microsoft.insights/components/',parameters('functionAppName'))]"
            ],
            "apiVersion": "2016-03-01",
            "location": "[resourceGroup().location]",
            "kind": "functionapp"
        },
        {
            "apiVersion": "2015-05-01-preview",
            "type": "Microsoft.Storage/storageAccounts",
            "name": "[parameters('storageAccountName')]",
            "location": "[resourceGroup().location]",
            "properties": {
                "accountType": "Standard_LRS"
            }
        },
        {
            "apiVersion": "2015-05-01",
            "name": "[parameters('functionAppName')]",
            "type": "microsoft.insights/components",
            "location": "[parameters('appInsightLocation')]",
            "properties": {
                "ApplicationId": "[parameters('functionAppName')]",
                "Request_Source": "AzureTfsExtensionAzureProject"
            }
        }
    ]
}