{

	"Defaults": {
		"Application": "TMO_DEMO",
		"SubApplication": "TMO_DEMO_DATAPIPELINE",
		"RunAs": "controlm",
		"Host": "ctmv20",
		"ControlmServer": "ctmv20",
		"ActiveRetentionPolicy": "CleanEndedOK"
	},
	
	"TMO_VISUALIZATION": {
		"Type": "Folder",
	
		"When": {
			"Schedule": "Never"
		},
		
		"eventsToWaitFor": {
			"Type": "WaitForEvents",
			"Events": [{"Event": "data-ingestion-ready" }]
		},			
		"eventsToDelete": {
			"Type": "DeleteEvents",
			"Events": [{"Event": "data-ingestion-ready" }]
		},	
	
		"TMO_select-data": {
			"Type": "Job:Database:EmbeddedQuery",
			"ConnectionProfile": "TMO_AZURE_SYNAPSE",
			
			"Query": "select sentiment,  count(sentiment), count(sentiment) * 100/(select count(*) from dbo.enriched_tweets) as Pct_To_Total from dbo.enriched_tweets GROUP BY sentiment, sentiment",
			"OutputSQLOutput": "Y"
	
		},
		
		"eventsToAdd": {
			"Type": "AddEvents",
			"Events": [{"Event": "data-visualization-ready" }]
		}
	}
}
